<?xml version="1.0" encoding="utf-8"?>
<!--/179422/1093194/2.50/3/4/Integrated Circuit/-->
<quadcept_library>
  <setting unit="mil" />
  <textstyle name="Default" height="47.244094488189" strokewidth="7.8740157480315" charwidth="47.244094488189" />
  <textstyle name="Dimension" height="19.6850393700787" strokewidth="0" charwidth="19.6850393700787" />
  <textstyle name="H127W0635TH00762" height="50" strokewidth="3" charwidth="25" />
  <textstyle name="H15W15TH02" height="59.0551181102362" strokewidth="7.8740157480315" charwidth="59.0551181102362" />
  <padstyle name="r350_160" surface="True" plated="False" isvia="False" nopaste="False" nomask="True" complex="False" holesize="0">
    <padshape layer="TOP" shape="rectangle" width="62.992125984251" height="137.79527559055" />
    <padshape layer="TOP_SOLDER_MASK" shape="rectangle" width="70.866141732283" height="145.66929133858" />
    <padshape layer="TOP_SOLDER_PASTE" shape="rectangle" width="62.992125984251" height="137.79527559055" />
  </padstyle>
  <padstyle name="r1220_975" surface="True" plated="False" isvia="False" nopaste="False" nomask="True" complex="False" holesize="0">
    <padshape layer="TOP" shape="rectangle" width="383.85826771653" height="480.31496062992" />
    <padshape layer="TOP_SOLDER_MASK" shape="rectangle" width="391.73228346456" height="488.18897637795" />
    <padshape layer="TOP_SOLDER_PASTE" shape="rectangle" width="383.85826771653" height="480.31496062992" />
  </padstyle>
  <footprint name="D2PAK-STB35NF10T4" originx="0" originy="0" pickpointx="0" pickpointy="0">
    <pcbpin number="1" name="1" style="r350_160" originx="114.33070866142" originy="-300.7874015748" rotation="90" />
    <pcbpin number="2" name="3" style="r350_160" originx="114.33070866142" originy="-100.7874015748" rotation="90" />
    <pcbpin number="3" name="4" style="r1220_975" originx="-290.1968503937" originy="-200.7874015748" rotation="0" />
    <line layer="TOP_ASSEMBLY" originx="-360.23622047244" originy="0" endx="0" endy="0" width="9.9999999999999" />
    <line layer="TOP_ASSEMBLY" originx="0" originy="0" endx="0" endy="-401.5748031496" width="9.9999999999999" />
    <line layer="TOP_ASSEMBLY" originx="0" originy="-401.5748031496" endx="-360.23622047244" endy="-401.5748031496" width="9.9999999999999" />
    <line layer="TOP_ASSEMBLY" originx="-360.23622047244" originy="-401.5748031496" endx="-360.23622047244" endy="0" width="9.9999999999999" />
    <line layer="TOP_SILKSCREEN" originx="0" originy="0" endx="0" endy="-401.5748031496" width="9.9999999999999" />
    <line layer="TOP_SILKSCREEN" originx="0" originy="-401.5748031496" endx="-60.433070866141" endy="-401.5748031496" width="9.9999999999999" />
    <line layer="TOP_SILKSCREEN" originx="0" originy="0" endx="-64.724409448818" endy="0" width="9.9999999999999" />
    <arc layer="TOP_SILKSCREEN" originx="181.22047244094" originy="-372.00787401574" startangle="180" sweepangle="180" radius="8.6220472440944" width="19.685039370078" />
    <arc layer="TOP_SILKSCREEN" originx="181.22047244094" originy="-372.00787401574" startangle="180" sweepangle="-180" radius="8.6220472440944" width="19.685039370078" />
  </footprint>
  <symbol name="L7805ACD2T-TR" originx="0" originy="0">
    <line originx="200" originy="100" endx="1000" endy="100" width="0" />
    <line originx="1000" originy="-200" endx="1000" endy="100" width="0" />
    <line originx="1000" originy="-200" endx="200" endy="-200" width="0" />
    <line originx="200" originy="100" endx="200" endy="-200" width="0" />
    <sympin number="1" originx="1000" originy="-100" rotation="0" length="100" width="7.8740157480315" flipped="False">
      <text name="pinname" originx="970" originy="-100" style="Default" rotation="0" justify="right" flipped="False" hidden="False" data="INPUT" />
      <text name="pindes" originx="1060" originy="-80" style="Default" rotation="0" justify="lowerleft" flipped="False" hidden="False" data="1" />
    </sympin>
    <sympin number="3" originx="1000" originy="0" rotation="0" length="100" width="7.8740157480315" flipped="False">
      <text name="pinname" originx="970" originy="0" style="Default" rotation="0" justify="right" flipped="False" hidden="False" data="OUTPUT" />
      <text name="pindes" originx="1060" originy="20" style="Default" rotation="0" justify="lowerleft" flipped="False" hidden="False" data="3" />
    </sympin>
    <sympin number="4" originx="200" originy="0" rotation="180" length="100" width="7.8740157480315" flipped="False">
      <text name="pinname" originx="230" originy="0" style="Default" rotation="0" justify="left" flipped="False" hidden="False" data="GND" />
      <text name="pindes" originx="140" originy="20" style="Default" rotation="0" justify="lowerright" flipped="False" hidden="False" data="4" />
    </sympin>
  </symbol>
  <component name="L7805ACD2T-TR" designatorprefix="IC" height="0" footprint="D2PAK-STB35NF10T4">
    <comppin designator="1" sympin="1" pinswap="0" gateswap="0" gate="1" group="1" side="" type="Input" name="INPUT" />
    <comppin designator="3" sympin="3" pinswap="0" gateswap="0" gate="1" group="1" side="" type="Output" name="OUTPUT" />
    <comppin designator="4" sympin="4" pinswap="0" gateswap="0" gate="1" group="1" side="" type="Ground" name="GND" />
    <attached_symbol gate="1" name="L7805ACD2T-TR" />
    <pinmap designator="1" footprintpin="1" />
    <pinmap designator="3" footprintpin="2" />
    <pinmap designator="4" footprintpin="3" />
    <text name="Datasheet" originx="0" originy="0" style="Default" rotation="0" justify="" flipped="False" hidden="True" data="http://www.st.com/web/en/resource/technical/document/datasheet/CD00000444.pdf" />
    <text name="Description" originx="0" originy="0" style="Default" rotation="0" justify="" flipped="False" hidden="True" data="Voltage Regulator 5V 1A D2PAK STMicroelectronics L78xx L7805ACD2T-TR, Single Linear Voltage Regulator, 1.5A 5 V, +/-2%, 3-Pin D2PAK" />
    <text name="Mouser Part Number" originx="0" originy="0" style="Default" rotation="0" justify="" flipped="False" hidden="True" data="511-L7805ACD2T-TR" />
    <text name="Mouser Price/Stock" originx="0" originy="0" style="Default" rotation="0" justify="" flipped="False" hidden="True" data="https://www.mouser.co.uk/ProductDetail/STMicroelectronics/L7805ACD2T-TR?qs=Ctxo64yJVFuOLXlPPZdJUQ%3D%3D" />
    <text name="Manufacturer_Name" originx="0" originy="0" style="Default" rotation="0" justify="" flipped="False" hidden="True" data="STMicroelectronics" />
    <text name="Manufacturer_Part_Number" originx="1050" originy="200" style="Default" rotation="0" justify="left" flipped="False" hidden="False" data="L7805ACD2T-TR" />
  </component>
</quadcept_library>
